age,sex,cp,trestbps,chol,fbs,restecg,thalach,exang,oldpeak,slope,ca,thal,prediction,probability,timestamp
67.0,0.0,2.0,125.0,300.0,0.0,0.0,177.0,1.0,2.07,2.0,1.0,2.0,1,0.735,2026-05-03 10:38:45
57.0,1.0,3.0,108.0,214.0,1.0,0.0,160.0,1.0,2.09,0.0,3.0,1.0,0,0.34,2026-05-03 10:38:45
43.0,1.0,0.0,179.0,218.0,1.0,0.0,159.0,0.0,0.19,1.0,1.0,2.0,0,0.475,2026-05-03 10:38:46
71.0,1.0,2.0,156.0,307.0,1.0,1.0,88.0,1.0,3.29,1.0,1.0,2.0,0,0.31,2026-05-03 10:38:46
36.0,0.0,1.0,108.0,235.0,1.0,0.0,108.0,1.0,3.21,1.0,1.0,2.0,0,0.47,2026-05-03 10:38:46
49.0,0.0,0.0,109.0,310.0,0.0,0.0,195.0,0.0,2.14,0.0,0.0,0.0,1,0.615,2026-05-03 10:38:47
67.0,0.0,0.0,160.0,372.0,1.0,2.0,210.0,1.0,5.37,2.0,2.0,2.0,0,0.415,2026-05-03 10:38:47
47.0,0.0,0.0,141.0,280.0,1.0,0.0,195.0,1.0,0.77,1.0,1.0,0.0,0,0.36,2026-05-03 10:38:47
51.0,1.0,2.0,122.0,375.0,1.0,2.0,127.0,0.0,1.98,1.0,0.0,0.0,0,0.465,2026-05-03 10:38:48
39.0,0.0,1.0,129.0,247.0,1.0,1.0,130.0,0.0,1.93,0.0,1.0,0.0,1,0.65,2026-05-03 10:38:48
39.0,0.0,0.0,128.0,137.0,1.0,0.0,196.0,0.0,0.55,1.0,1.0,1.0,1,0.535,2026-05-03 10:38:48
52.0,0.0,3.0,171.0,400.0,0.0,2.0,174.0,1.0,2.89,0.0,0.0,0.0,1,0.505,2026-05-03 10:38:48
64.0,0.0,0.0,90.0,342.0,0.0,2.0,70.0,0.0,4.13,2.0,2.0,0.0,1,0.56,2026-05-03 10:38:49
68.0,0.0,0.0,100.0,173.0,1.0,1.0,200.0,0.0,3.07,0.0,2.0,1.0,0,0.395,2026-05-03 10:38:49
52.0,1.0,2.0,146.0,177.0,0.0,0.0,161.0,0.0,0.94,0.0,3.0,0.0,1,0.575,2026-05-03 10:38:49
31.0,0.0,2.0,178.0,293.0,1.0,0.0,182.0,0.0,2.26,0.0,0.0,2.0,1,0.795,2026-05-03 10:38:50
50.0,1.0,1.0,139.0,399.0,1.0,2.0,125.0,0.0,0.02,0.0,3.0,2.0,1,0.55,2026-05-03 10:38:50
30.0,0.0,3.0,112.0,233.0,0.0,0.0,186.0,0.0,5.21,2.0,3.0,0.0,1,0.59,2026-05-03 10:38:50
52.0,1.0,2.0,120.0,270.0,0.0,2.0,203.0,1.0,0.51,2.0,3.0,1.0,1,0.67,2026-05-03 10:38:50
72.0,0.0,0.0,131.0,246.0,1.0,0.0,127.0,1.0,3.58,1.0,2.0,2.0,0,0.165,2026-05-03 10:38:51
58.0,0.0,1.0,96.0,274.0,1.0,2.0,113.0,0.0,5.92,2.0,0.0,1.0,1,0.595,2026-05-03 10:38:51
66.0,1.0,0.0,105.0,392.0,1.0,0.0,130.0,0.0,3.22,2.0,3.0,1.0,0,0.285,2026-05-03 10:38:51
30.0,1.0,0.0,179.0,223.0,0.0,1.0,116.0,0.0,5.54,1.0,0.0,2.0,0,0.325,2026-05-03 10:38:52
49.0,1.0,2.0,149.0,365.0,1.0,0.0,149.0,1.0,1.42,2.0,0.0,1.0,1,0.625,2026-05-03 10:38:52
61.0,0.0,1.0,91.0,295.0,1.0,0.0,187.0,1.0,4.56,0.0,2.0,2.0,0,0.36,2026-05-03 10:38:52
40.0,1.0,3.0,90.0,158.0,1.0,1.0,89.0,1.0,3.19,0.0,3.0,1.0,0,0.405,2026-05-03 10:38:52
50.0,0.0,3.0,137.0,289.0,0.0,0.0,116.0,1.0,4.32,1.0,3.0,2.0,0,0.45,2026-05-03 10:38:53
72.0,0.0,2.0,101.0,366.0,1.0,1.0,118.0,1.0,0.37,1.0,0.0,0.0,1,0.58,2026-05-03 10:38:53
53.0,1.0,2.0,158.0,145.0,1.0,0.0,83.0,1.0,0.89,1.0,1.0,2.0,0,0.43,2026-05-03 10:38:53
77.0,1.0,1.0,126.0,132.0,0.0,2.0,70.0,1.0,0.8,0.0,2.0,2.0,0,0.45,2026-05-03 10:38:53
55.0,0.0,3.0,121.0,155.0,1.0,2.0,186.0,1.0,4.12,2.0,2.0,2.0,1,0.53,2026-05-03 10:38:54
70.0,0.0,3.0,98.0,292.0,1.0,0.0,123.0,1.0,5.07,0.0,2.0,2.0,0,0.46,2026-05-03 10:38:54
56.0,1.0,3.0,108.0,139.0,0.0,0.0,187.0,0.0,4.5,1.0,2.0,1.0,0,0.335,2026-05-03 10:38:55
44.0,1.0,0.0,137.0,383.0,1.0,0.0,72.0,0.0,0.18,2.0,3.0,0.0,0,0.385,2026-05-03 10:38:55
43.0,1.0,3.0,169.0,261.0,0.0,2.0,81.0,0.0,5.2,2.0,3.0,2.0,1,0.575,2026-05-03 10:38:55
75.0,0.0,0.0,92.0,262.0,0.0,0.0,143.0,0.0,2.12,0.0,1.0,1.0,0,0.47,2026-05-03 10:38:56
72.0,0.0,1.0,109.0,211.0,1.0,2.0,85.0,1.0,2.38,1.0,2.0,0.0,0,0.39,2026-05-03 10:38:56
31.0,0.0,0.0,113.0,334.0,1.0,1.0,171.0,1.0,0.63,0.0,2.0,0.0,0,0.325,2026-05-03 10:38:56
65.0,0.0,1.0,143.0,170.0,1.0,2.0,186.0,0.0,4.42,2.0,0.0,0.0,1,0.695,2026-05-03 10:38:56
35.0,0.0,3.0,122.0,272.0,1.0,2.0,77.0,1.0,1.09,0.0,3.0,0.0,0,0.445,2026-05-03 10:38:57
49.0,0.0,3.0,113.0,305.0,0.0,1.0,191.0,0.0,3.38,0.0,2.0,2.0,1,0.625,2026-05-03 10:38:57
37.0,1.0,1.0,164.0,182.0,1.0,2.0,161.0,1.0,5.04,1.0,1.0,2.0,0,0.42,2026-05-03 10:38:57
67.0,0.0,2.0,161.0,309.0,0.0,0.0,159.0,0.0,0.54,1.0,1.0,1.0,1,0.74,2026-05-03 10:38:58
46.0,0.0,1.0,125.0,244.0,1.0,0.0,205.0,1.0,3.21,2.0,3.0,1.0,1,0.58,2026-05-03 10:38:58
32.0,0.0,2.0,127.0,269.0,1.0,2.0,129.0,1.0,1.4,0.0,1.0,1.0,0,0.455,2026-05-03 10:38:58
53.0,1.0,0.0,173.0,177.0,1.0,0.0,97.0,0.0,2.06,0.0,1.0,0.0,0,0.235,2026-05-03 10:38:58
42.0,0.0,0.0,178.0,299.0,0.0,2.0,170.0,1.0,2.84,0.0,3.0,0.0,0,0.21,2026-05-03 10:38:59
37.0,0.0,0.0,114.0,289.0,1.0,0.0,110.0,0.0,2.13,2.0,2.0,2.0,1,0.535,2026-05-03 10:38:59
54.0,1.0,3.0,107.0,390.0,1.0,0.0,210.0,0.0,3.89,2.0,2.0,0.0,0,0.445,2026-05-03 10:38:59
30.0,0.0,0.0,171.0,173.0,1.0,2.0,115.0,0.0,2.88,1.0,1.0,0.0,0,0.34,2026-05-03 10:38:59
48.0,0.0,2.0,155.0,220.0,1.0,0.0,104.0,0.0,3.51,1.0,1.0,0.0,1,0.515,2026-05-03 10:39:00
56.0,0.0,0.0,143.0,383.0,0.0,2.0,203.0,1.0,4.42,1.0,2.0,1.0,0,0.21,2026-05-03 10:39:00
75.0,0.0,1.0,124.0,172.0,1.0,0.0,151.0,1.0,3.35,0.0,3.0,1.0,0,0.375,2026-05-03 10:39:00
35.0,0.0,1.0,169.0,179.0,0.0,0.0,184.0,1.0,3.52,0.0,1.0,2.0,1,0.505,2026-05-03 10:39:01
72.0,1.0,3.0,150.0,227.0,0.0,1.0,116.0,0.0,3.39,1.0,0.0,0.0,1,0.535,2026-05-03 10:39:01
36.0,1.0,1.0,130.0,124.0,0.0,1.0,79.0,1.0,2.27,0.0,3.0,0.0,0,0.31,2026-05-03 10:39:01
75.0,1.0,2.0,122.0,222.0,0.0,2.0,125.0,0.0,2.02,1.0,1.0,2.0,0,0.425,2026-05-03 10:39:02
63.0,0.0,0.0,157.0,315.0,0.0,1.0,99.0,1.0,5.4,2.0,1.0,0.0,0,0.365,2026-05-03 10:39:02
42.0,0.0,3.0,122.0,381.0,0.0,2.0,178.0,1.0,3.65,1.0,0.0,0.0,1,0.55,2026-05-03 10:39:02
45.0,0.0,0.0,103.0,166.0,1.0,1.0,74.0,1.0,1.47,2.0,0.0,1.0,1,0.61,2026-05-03 10:39:03
64.0,1.0,0.0,110.0,263.0,0.0,0.0,188.0,0.0,2.99,0.0,2.0,2.0,0,0.2,2026-05-03 10:39:03
68.0,0.0,2.0,137.0,388.0,0.0,2.0,102.0,1.0,1.98,1.0,3.0,2.0,1,0.54,2026-05-03 10:39:03
32.0,0.0,1.0,109.0,243.0,0.0,2.0,187.0,1.0,5.6,0.0,3.0,2.0,0,0.48,2026-05-03 10:39:03
30.0,1.0,1.0,97.0,225.0,1.0,0.0,134.0,0.0,0.05,2.0,2.0,2.0,1,0.59,2026-05-03 10:39:04
34.0,0.0,0.0,96.0,277.0,1.0,2.0,80.0,1.0,1.35,2.0,3.0,1.0,0,0.465,2026-05-03 10:39:04
70.0,1.0,3.0,156.0,266.0,0.0,2.0,154.0,0.0,2.19,2.0,3.0,1.0,1,0.575,2026-05-03 10:39:05
32.0,1.0,1.0,106.0,264.0,1.0,1.0,95.0,1.0,2.93,0.0,3.0,0.0,0,0.3,2026-05-03 10:39:05
57.0,1.0,3.0,122.0,239.0,0.0,2.0,132.0,0.0,5.1,0.0,3.0,0.0,0,0.285,2026-05-03 10:39:06
46.0,0.0,1.0,137.0,394.0,0.0,0.0,155.0,0.0,0.53,0.0,3.0,0.0,1,0.655,2026-05-03 10:39:06
54.0,0.0,3.0,165.0,211.0,1.0,1.0,128.0,1.0,4.84,0.0,0.0,0.0,0,0.435,2026-05-03 10:39:06
72.0,0.0,2.0,148.0,177.0,0.0,1.0,96.0,0.0,0.33,2.0,3.0,1.0,1,0.785,2026-05-03 10:39:06
62.0,0.0,3.0,175.0,348.0,1.0,0.0,167.0,0.0,5.05,2.0,0.0,2.0,1,0.68,2026-05-03 10:39:07
38.0,0.0,2.0,111.0,236.0,1.0,0.0,174.0,0.0,0.31,1.0,3.0,1.0,1,0.705,2026-05-03 10:39:07
64.0,0.0,2.0,119.0,398.0,0.0,1.0,168.0,0.0,0.11,1.0,2.0,0.0,1,0.625,2026-05-03 10:39:07
42.0,0.0,3.0,127.0,246.0,0.0,2.0,198.0,0.0,4.18,0.0,1.0,1.0,1,0.585,2026-05-03 10:39:08
59.0,1.0,2.0,140.0,248.0,1.0,1.0,124.0,0.0,5.98,2.0,0.0,2.0,1,0.505,2026-05-03 10:39:08
76.0,0.0,0.0,143.0,177.0,0.0,0.0,75.0,1.0,5.38,2.0,3.0,2.0,0,0.325,2026-05-03 10:39:08
43.0,1.0,2.0,97.0,241.0,0.0,1.0,164.0,0.0,3.46,2.0,2.0,1.0,1,0.51,2026-05-03 10:39:08
36.0,0.0,1.0,116.0,120.0,0.0,0.0,202.0,0.0,5.5,1.0,1.0,1.0,1,0.56,2026-05-03 10:39:09
42.0,0.0,3.0,116.0,358.0,1.0,1.0,171.0,1.0,0.03,1.0,0.0,1.0,1,0.725,2026-05-03 10:39:09
51.0,0.0,0.0,110.0,215.0,1.0,2.0,72.0,1.0,5.85,2.0,1.0,0.0,0,0.36,2026-05-03 10:39:09
68.0,1.0,3.0,119.0,245.0,0.0,1.0,92.0,1.0,2.94,2.0,2.0,1.0,0,0.455,2026-05-03 10:39:10
49.0,1.0,1.0,117.0,237.0,1.0,1.0,122.0,1.0,4.34,2.0,0.0,1.0,1,0.555,2026-05-03 10:39:10
44.0,1.0,1.0,153.0,167.0,1.0,0.0,152.0,1.0,4.93,1.0,1.0,1.0,0,0.345,2026-05-03 10:39:10
73.0,1.0,1.0,158.0,208.0,1.0,0.0,154.0,1.0,4.31,2.0,3.0,2.0,0,0.49,2026-05-03 10:39:10
46.0,0.0,2.0,150.0,356.0,1.0,0.0,147.0,1.0,3.21,2.0,0.0,2.0,1,0.64,2026-05-03 10:39:11
75.0,1.0,2.0,137.0,391.0,1.0,1.0,179.0,0.0,2.86,0.0,1.0,0.0,0,0.39,2026-05-03 10:39:11
52.0,0.0,3.0,108.0,308.0,0.0,2.0,70.0,0.0,5.03,0.0,2.0,0.0,1,0.555,2026-05-03 10:39:11
54.0,0.0,3.0,93.0,311.0,0.0,0.0,120.0,1.0,1.23,1.0,2.0,2.0,1,0.575,2026-05-03 10:39:12
53.0,1.0,0.0,124.0,188.0,0.0,0.0,73.0,0.0,5.81,2.0,0.0,2.0,0,0.5,2026-05-03 10:39:12
73.0,1.0,0.0,153.0,397.0,1.0,1.0,182.0,0.0,4.27,2.0,1.0,2.0,0,0.38,2026-05-03 10:39:12
69.0,1.0,3.0,138.0,366.0,1.0,0.0,101.0,0.0,1.2,0.0,0.0,1.0,0,0.445,2026-05-03 10:39:12
57.0,1.0,2.0,106.0,195.0,0.0,2.0,103.0,1.0,4.42,1.0,0.0,1.0,0,0.435,2026-05-03 10:39:13
43.0,1.0,1.0,133.0,273.0,1.0,2.0,161.0,1.0,3.18,0.0,1.0,2.0,0,0.445,2026-05-03 10:39:13
73.0,1.0,3.0,119.0,263.0,0.0,0.0,164.0,0.0,4.24,0.0,1.0,1.0,0,0.315,2026-05-03 10:39:14
29.0,1.0,0.0,135.0,205.0,0.0,0.0,141.0,1.0,4.61,0.0,3.0,1.0,0,0.135,2026-05-03 10:39:14
53.0,1.0,2.0,95.0,304.0,0.0,1.0,108.0,0.0,0.52,0.0,1.0,0.0,0,0.485,2026-05-03 10:39:14
35.0,0.0,3.0,126.0,339.0,1.0,2.0,187.0,0.0,3.04,2.0,2.0,2.0,1,0.67,2026-05-03 10:39:15
37.0,1.0,3.0,113.0,188.0,1.0,2.0,72.0,0.0,5.59,2.0,0.0,2.0,1,0.62,2026-05-03 10:39:15
52.0,1.0,2.0,135.0,166.0,0.0,0.0,192.0,0.0,1.92,0.0,0.0,1.0,1,0.88,2026-05-03 10:39:16
